Model,Threshold,Accuracy,Precision,Recall,F1,ROC_AUC,PR_AUC
Human Model - Logistic Regression,0.6800612963197037,0.8533333333333334,0.4583333333333333,0.55,0.5,0.8026923076923076,0.5394418680441918
Alternative Model - CatBoost,0.4793997629448429,0.88,0.5625,0.45,0.5,0.7923076923076923,0.5514782900866017
Refined Model - Tuned XGBoost,0.8489786982536316,0.8833333333333333,0.6470588235294118,0.275,0.38596491228070173,0.7898076923076922,0.539168373110567
AI Model - Random Forest,0.5455500451012957,0.8866666666666667,0.875,0.175,0.2916666666666667,0.786826923076923,0.5514332363018328
